{
    "MSE": 1.092779189826562,
    "RMSE": 0.9365328830453975,
    "MAE": 0.5101657805399593,
    "Huber": 0.2247279653874371
}