{
    "epochs": [
        1,
        2,
        3,
        4,
        5
    ],
    "train": {
        "MSE": [
            3.228101867470082,
            1.416304060405623,
            1.248145879993196,
            1.1532535375944648,
            1.0995275858169953
        ],
        "RMSE": [
            1.796691923360842,
            1.1900857365776731,
            1.1172044933642167,
            1.0738964277780538,
            1.0485836093593086
        ],
        "MAE": [
            1.1308248862353634,
            0.8729179226053285,
            0.8196231503548481,
            0.7869256330007651,
            0.7678209498952825
        ],
        "Huber": [
            0.7424931248302075,
            0.5046457756139384,
            0.4590027702151339,
            0.43176181217258025,
            0.41610537829539324
        ]
    },
    "val": {
        "MSE": [
            1.061575599301601,
            0.9888987979190063,
            1.024790897803705,
            0.9731780620166635,
            0.9589745958315818
        ],
        "RMSE": [
            1.0303279086298696,
            0.9944339082709349,
            1.0123195630845554,
            0.986497877350308,
            0.9792724829339288
        ],
        "MAE": [
            0.5478608304091979,
            0.5281600054103477,
            0.5724215695465241,
            0.5215353754846576,
            0.5150906730300134
        ],
        "Huber": [
            0.2526732704839465,
            0.24083999421291302,
            0.2641892818944328,
            0.23600729100929557,
            0.23304146699676037
        ]
    }
}